feature,genre,system,category,ai_var,human_var,var_ratio,levene_p,levene_p_adj
spectral_centroid_mean,metal,suno,Spectral,315721.0497844497,196724.42721438676,1.6048899176124303,0.01836856647647303,0.04662789951720077
spectral_centroid_std,metal,suno,Spectral,41640.110930644245,37784.96219896401,1.1020286512761401,0.27636041078514745,0.3880805768472283
spectral_centroid_var,metal,suno,Spectral,66200962638.92118,73520052685.21523,0.9004477040076183,0.6302754553906047,0.705053899250507
spectral_bandwidth_mean,metal,suno,Spectral,252195.89725672695,65472.71665717861,3.8519235207124325,0.000290887491534962,0.0017453249492097721
spectral_bandwidth_std,metal,suno,Spectral,42488.15106108778,15585.707642218884,2.7260970137791505,5.369174014755795e-06,8.685260039711443e-05
spectral_rolloff_mean,metal,suno,Spectral,1662423.8462731082,816841.592602627,2.0351851097301257,0.006558700070390085,0.02164371023228728
spectral_rolloff_std,metal,suno,Spectral,268965.73025103274,147032.11761061446,1.8292991668890697,0.0009532285327092472,0.0044937916542007374
spectral_flatness_mean,metal,suno,Spectral,7.488583399435169e-05,0.0005500746589880063,0.13613758200045437,6.5797424543268505e-06,8.685260039711443e-05
spectral_flatness_std,metal,suno,Spectral,0.00011250422492774104,0.0004854236672053104,0.2317650179181669,0.1429316389867975,0.24824968876654305
spectral_contrast_mean,metal,suno,Spectral,1.590267916922289,1.5829539977888958,1.0046204243102512,0.904492737898216,0.9455974677908832
spectral_contrast_std,metal,suno,Spectral,0.8263928829544192,0.3198138361100554,2.5839810216029493,0.04557772512665603,0.09400405807372807
zero_crossing_rate_mean,metal,suno,Spectral,0.0004662938879386353,0.0012852863897711844,0.36279376460342677,0.01310711346242061,0.037098563403098535
zero_crossing_rate_std,metal,suno,Spectral,0.0001815096804146366,0.0002643290629140908,0.6866807547137894,0.19127741673459878,0.2939286587495257
harmonic_ratio,metal,suno,Prompt-encoded,0.005337118653498192,0.00851174544786615,0.6270298713921455,0.08421251693651742,0.1543896143836153
tempo,metal,suno,Prompt-encoded,655.8209965275054,699.54164842774,0.9375010022655559,0.6742915837105726,0.74172074208163
onset_density,metal,suno,Prompt-encoded,1.9424757575757576,1.545146913580247,1.2571463208471636,0.5354433951212199,0.6425320741454639
onset_strength_mean,metal,suno,Rhythmic,0.05600624411462757,0.02658836388018056,2.106419348216293,0.0008070127778130304,0.004161772949252979
onset_strength_std,metal,suno,Rhythmic,0.24335265274615353,0.08112477515275604,2.999732847184183,0.0001773839960306739,0.0013008159708916087
ioi_mean,metal,suno,Rhythmic,0.00382394265154284,4.901152493889504,0.0007802129512008304,0.00023267835486381712,0.001535677142101193
ioi_std,metal,suno,Rhythmic,0.04096638093953474,3.6817291411740203,0.011126940458871313,6.24341206488982e-05,0.000588664566118183
ioi_cv,metal,suno,Rhythmic,0.3188283123883414,0.10711698246864385,2.976449719181283,0.15658776669825566,0.26499468210474036
chroma_stft_mean,metal,suno,Harmonic,0.00625376514689382,0.005761458284393428,1.0854483080844215,0.595945549147714,0.6781449352370539
chroma_stft_std,metal,suno,Harmonic,0.00021471686877615572,0.00034038807074541263,0.6308002166643186,0.1861329137761756,0.2939286587495257
chroma_stft_var,metal,suno,Harmonic,7.255243281249749e-05,9.346854829997714e-05,0.7762229555512978,0.4264770387494756,0.5519114619110861
chroma_cqt_mean,metal,suno,Harmonic,0.01231888108587974,0.008047347300247394,1.5308002284803872,0.04248512525081907,0.09175883677482392
chroma_cqt_std,metal,suno,Harmonic,0.000694793333540801,0.0007549985319612852,0.9202578602847251,0.9592922500099705,0.9702629392130911
tonnetz_mean,metal,suno,Harmonic,0.0020520864995877356,0.0005196241923702394,3.949174287338792,0.0008197431566710414,0.004161772949252979
tonnetz_std,metal,suno,Harmonic,0.004740596891395312,0.0015795215550777131,3.001286608692132,1.2287383410597594e-07,8.109673050994412e-06
repetition_score,metal,suno,Structural,0.0004903373201515781,0.0009349220996524104,0.5244686379045675,0.45272136020916687,0.5637662221472645
self_similarity_mean,metal,suno,Prompt-encoded,0.0004903373201515781,0.0009349220996524104,0.5244686379045675,0.45272136020916687,0.5637662221472645
self_similarity_std,metal,suno,Structural,0.0007350872008114437,0.0004536338532667925,1.620441674530675,0.015583284998931449,0.04113987239717902
mfcc_0_mean,metal,suno,Timbral (MFCC),5737.3206910005265,3486.431156427804,1.6456142208409423,0.07308319761251765,0.1378140297836047
mfcc_1_mean,metal,suno,Timbral (MFCC),973.8567041566282,364.16716563343533,2.6742023885176303,0.0021075438345159207,0.009273192871870051
mfcc_2_mean,metal,suno,Timbral (MFCC),169.0829460497747,174.3375158154129,0.969859787544514,0.5607633540058785,0.660899667221214
mfcc_3_mean,metal,suno,Timbral (MFCC),115.96900296348652,107.93084783396387,1.0744750485226262,0.9169429990699474,0.9455974677908832
mfcc_4_mean,metal,suno,Timbral (MFCC),44.48768687531943,62.8495004711779,0.7078447170112514,0.48840831340779645,0.5969434941650845
mfcc_5_mean,metal,suno,Timbral (MFCC),32.22586417370309,31.716965181571403,1.0160450090107414,0.8182177259099495,0.8852847526238797
mfcc_6_mean,metal,suno,Timbral (MFCC),21.750327098600934,27.626528307792608,0.7872986014122456,0.32377363193573316,0.43610325934200794
mfcc_7_mean,metal,suno,Timbral (MFCC),25.465254233663593,27.203226943772236,0.9361115240592247,0.9061602624101426,0.9455974677908832
mfcc_8_mean,metal,suno,Timbral (MFCC),20.841540691979,18.623279500347337,1.1191122751280347,0.41633913497823394,0.5495676581712687
mfcc_9_mean,metal,suno,Timbral (MFCC),22.385730936024643,15.699251963963384,1.4259106731588,0.19149897463984247,0.2939286587495257
mfcc_10_mean,metal,suno,Timbral (MFCC),17.62644067079098,11.935825818665416,1.4767675851323583,0.06682385367781518,0.12971689243340592
mfcc_11_mean,metal,suno,Timbral (MFCC),21.50597858144926,11.063176377571546,1.9439244071936228,0.26426858777979745,0.38669295521407415
mfcc_12_mean,metal,suno,Timbral (MFCC),12.425667867430985,9.501587835101043,1.3077464612312186,0.19702857917399696,0.29554286876099545
mfcc_0_std,metal,suno,Timbral (MFCC),1093.251831276305,667.0634990993727,1.6389021925983733,0.019718921307978865,0.048201807641726116
mfcc_1_std,metal,suno,Timbral (MFCC),107.920546876013,62.85662261260797,1.7169320015989211,0.0024791244363999584,0.010029825120544292
mfcc_2_std,metal,suno,Timbral (MFCC),44.37317353847858,31.7935791038438,1.3956646212603956,0.009369971261139327,0.02810991378341798
mfcc_3_std,metal,suno,Timbral (MFCC),26.05535925395367,11.127383126351722,2.341553171854909,0.0032022432243128877,0.011741558489147255
mfcc_4_std,metal,suno,Timbral (MFCC),14.220477537120477,8.561239866769592,1.6610301496535784,0.04309884757605366,0.09175883677482392
mfcc_5_std,metal,suno,Timbral (MFCC),10.761923090871566,4.626292600090452,2.326252146407936,0.006406717841679447,0.02164371023228728
mfcc_6_std,metal,suno,Timbral (MFCC),4.477309103291057,5.101504311965506,0.8776448728641847,0.970262939213091,0.9702629392130911
mfcc_7_std,metal,suno,Timbral (MFCC),6.073646310797266,3.4157571161700586,1.7781259334994475,0.021637158249418424,0.05100187301648629
mfcc_8_std,metal,suno,Timbral (MFCC),3.0323178660016348,2.3366184444962053,1.297737708586576,0.31554569176088826,0.4338753261712214
mfcc_9_std,metal,suno,Timbral (MFCC),4.223061306250491,2.061438917000476,2.0485988070872905,0.013490386692035831,0.037098563403098535
mfcc_10_std,metal,suno,Timbral (MFCC),3.1668124792835113,1.7652913574056355,1.7939319002488205,0.1891257799642312,0.2939286587495257
mfcc_11_std,metal,suno,Timbral (MFCC),2.838001239081168,1.6311211355203648,1.739908322735197,0.02679428779481601,0.06098010325716747
mfcc_12_std,metal,suno,Timbral (MFCC),2.550249298705287,1.4200875657168521,1.7958394681231757,0.14219780945861643,0.24824968876654305
mfcc_delta_mean,metal,suno,Timbral (MFCC),9.211325384466721e-05,8.004934015361475e-05,1.1507059729399618,0.5767695810022272,0.6678384622131052
mfcc_delta_std,metal,suno,Timbral (MFCC),0.3260622154080879,0.38024074489764587,0.8575151921077214,0.26951327181586987,0.38669295521407415
mfcc_delta2_mean,metal,suno,Timbral (MFCC),6.085810041723186e-06,2.148321346327219e-05,0.2832821101055258,4.0391138119288296e-07,1.1874194071871903e-05
mfcc_delta2_std,metal,suno,Timbral (MFCC),0.3409217380443234,0.16314099739806776,2.089736752144935,0.05575191272354367,0.11150382544708734
chroma_entropy,metal,suno,Key / Tonal,0.00176827183760752,0.000725600886439679,2.436975850848166,4.4182062471855534e-05,0.0004860026871904109
key_clarity,metal,suno,Key / Tonal,0.07422187911488358,0.02975409699264266,2.4945095505078356,9.318373719017351e-05,0.0007687658318189315
spectral_centroid_cv,metal,suno,Intra-track,0.026071117357665825,0.00797483290529273,3.2691741215496775,5.397360941759956e-07,1.1874194071871903e-05
onset_strength_cv,metal,suno,Intra-track,0.04208144977188941,0.021085883057015007,1.9957167389245027,0.00258343980377656,0.010029825120544292
rms_cv,metal,suno,Intra-track,0.03550710475653861,0.014544999711388912,2.4411897876310102,0.009039073438118198,0.02810991378341798
spectral_centroid_mean,metal,lyria,Spectral,68318.22618961945,196724.42721438676,0.3472788161440037,0.0025231424819266877,0.008764600200376916
spectral_centroid_std,metal,lyria,Spectral,39564.55357189811,37784.96219896401,1.0470978735816467,0.7475715441904748,0.8454086121556604
spectral_centroid_var,metal,lyria,Spectral,73550131433.22357,73520052685.21523,1.0004091230475192,0.8398777481036035,0.9087201864727513
spectral_bandwidth_mean,metal,lyria,Spectral,44690.13273856201,65472.71665717861,0.6825764229788083,0.12073018091402546,0.18971885572204
spectral_bandwidth_std,metal,lyria,Spectral,22725.2074707236,15585.707642218884,1.4580799276104148,0.44766140601621596,0.5371936872194591
spectral_rolloff_mean,metal,lyria,Spectral,306969.98450013204,816841.592602627,0.3758011189440806,0.0025196604992895346,0.008764600200376916
spectral_rolloff_std,metal,lyria,Spectral,166192.96794845766,147032.11761061446,1.1303174479781821,0.41409176005340353,0.515263638276692
spectral_flatness_mean,metal,lyria,Spectral,0.0009378982487711138,0.0005500746589880063,1.705038095186209,0.2421984208087019,0.33302282861196514
spectral_flatness_std,metal,lyria,Spectral,0.003973953046610106,0.0004854236672053104,8.186566323576718,0.07011471186835652,0.12506948603544676
spectral_contrast_mean,metal,lyria,Spectral,1.1965929059344018,1.5829539977888958,0.7559239924886184,0.4038320568445207,0.5125560721488148
spectral_contrast_std,metal,lyria,Spectral,0.13872327800247503,0.3198138361100554,0.4337625904175612,0.007614381496811625,0.021849964295198577
zero_crossing_rate_mean,metal,lyria,Spectral,0.00032074937746623335,0.0012852863897711844,0.2495547918494145,0.00011912180040981053,0.0006047722174651919
zero_crossing_rate_std,metal,lyria,Spectral,0.0003317066015741355,0.0002643290629140908,1.2549002289693092,0.7639819960317351,0.8454086121556604
harmonic_ratio,metal,lyria,Prompt-encoded,0.007717193078843048,0.00851174544786615,0.9066522402614505,0.36241872199410785,0.4783927130322223
tempo,metal,lyria,Prompt-encoded,632.6611761451557,699.54164842774,0.9043938664225324,0.6670729560826898,0.7724002649378514
onset_density,metal,lyria,Prompt-encoded,1.0029866442199775,1.545146913580247,0.6491205693159401,0.014241776141842582,0.0391648843900671
onset_strength_mean,metal,lyria,Rhythmic,0.04729043789481655,0.02658836388018056,1.778614062449615,0.0034721290336347695,0.011458025810994739
onset_strength_std,metal,lyria,Rhythmic,0.44775041544475447,0.08112477515275604,5.51928081898102,9.244095175842316e-11,3.050551408027964e-09
ioi_mean,metal,lyria,Rhythmic,0.04275570559228908,4.901152493889504,0.00872360238649881,0.0005582240851026185,0.0023026743510483013
ioi_std,metal,lyria,Rhythmic,0.03131477704028458,3.6817291411740203,0.008505453779877737,4.800820341475168e-05,0.00028804922048851007
ioi_cv,metal,lyria,Rhythmic,0.048140521271233506,0.10711698246864385,0.44942006544411006,0.0005574893907752133,0.0023026743510483013
chroma_stft_mean,metal,lyria,Harmonic,0.0035767060089891035,0.005761458284393428,0.6207987340076112,0.028687633129725026,0.059735470982640676
chroma_stft_std,metal,lyria,Harmonic,0.00017494347865971253,0.00034038807074541263,0.5139530250769525,0.07201432636556293,0.12507751421387245
chroma_stft_var,metal,lyria,Harmonic,5.581384408287689e-05,9.346854829997714e-05,0.5971403760733336,0.12028276551071096,0.18971885572204
chroma_cqt_mean,metal,lyria,Harmonic,0.005590013390787678,0.008047347300247394,0.6946405047804793,0.07573367154669866,0.12816467492518235
chroma_cqt_std,metal,lyria,Harmonic,0.00039355270060550273,0.0007549985319612852,0.521262868661688,0.006514024655650235,0.02047264891775788
tonnetz_mean,metal,lyria,Harmonic,0.0006839661383453338,0.0005196241923702394,1.3162707748949427,0.01695266097219988,0.043033677852507383
tonnetz_std,metal,lyria,Harmonic,0.001479392720015325,0.0015795215550777131,0.9366081236811854,0.9785193437420465,0.9835298567977429
repetition_score,metal,lyria,Structural,0.0013546930625457521,0.0009349220996524104,1.4489903095128527,0.028092147327646203,0.059735470982640676
self_similarity_mean,metal,lyria,Prompt-encoded,0.0013546930625457521,0.0009349220996524104,1.4489903095128527,0.028092147327646203,0.059735470982640676
self_similarity_std,metal,lyria,Structural,0.0006775552921782105,0.0004536338532667925,1.4936171260122526,0.016332090342318507,0.043033677852507383
mfcc_0_mean,metal,lyria,Timbral (MFCC),1266.9115668650838,3486.431156427804,0.3633835030785925,0.052349891962977305,0.10162037851636771
mfcc_1_mean,metal,lyria,Timbral (MFCC),159.75199883639016,364.16716563343533,0.4386776566155168,0.02125810726218044,0.05010839568942532
mfcc_2_mean,metal,lyria,Timbral (MFCC),107.52316300989406,174.3375158154129,0.6167528687499407,0.06600846090178573,0.12101551165327384
mfcc_3_mean,metal,lyria,Timbral (MFCC),36.447193844012105,107.93084783396387,0.33769023940292664,2.8231946727688324e-06,3.105514140045715e-05
mfcc_4_mean,metal,lyria,Timbral (MFCC),17.50527652916095,62.8495004711779,0.27852689994232616,4.69305987015651e-05,0.00028804922048851007
mfcc_5_mean,metal,lyria,Timbral (MFCC),7.889979490948514,31.716965181571403,0.24876211976084178,2.300475570238109e-05,0.00018443216412401302
mfcc_6_mean,metal,lyria,Timbral (MFCC),6.504286968587103,27.626528307792608,0.2354362769046316,1.0645270302917401e-06,2.341959466641828e-05
mfcc_7_mean,metal,lyria,Timbral (MFCC),8.187723979454454,27.203226943772236,0.3009835559721678,9.256961571593371e-05,0.0005091328864376355
mfcc_8_mean,metal,lyria,Timbral (MFCC),5.079524843632856,18.623279500347337,0.27275136173186465,2.096033085892264e-06,2.7667636733777884e-05
mfcc_9_mean,metal,lyria,Timbral (MFCC),7.71281950135968,15.699251963963384,0.49128579623181773,0.0070190747183983965,0.02105722415519519
mfcc_10_mean,metal,lyria,Timbral (MFCC),4.818122123365694,11.935825818665416,0.4036689372453011,2.514984056236541e-05,0.00018443216412401302
mfcc_11_mean,metal,lyria,Timbral (MFCC),6.329952775371683,11.063176377571546,0.5721641379779897,0.000808078350259132,0.003137245359829571
mfcc_12_mean,metal,lyria,Timbral (MFCC),2.6799107811483545,9.501587835101043,0.28204872992366076,1.5021844111268905e-06,2.4786042783593694e-05
mfcc_0_std,metal,lyria,Timbral (MFCC),1317.8291501867582,667.0634990993727,1.975567771233186,0.019017633069323005,0.04648754750278957
mfcc_1_std,metal,lyria,Timbral (MFCC),72.59336812217354,62.85662261260797,1.1549040515519609,0.9285992222715945,0.9728182328559561
mfcc_2_std,metal,lyria,Timbral (MFCC),18.207236932694105,31.7935791038438,0.5726702512235521,0.19543070445755473,0.28583459355597024
mfcc_3_std,metal,lyria,Timbral (MFCC),15.929450806346775,11.127383126351722,1.4315540882764124,0.2601790393024648,0.35044523661148314
mfcc_4_std,metal,lyria,Timbral (MFCC),4.997034805614373,8.561239866769592,0.5836812054537027,0.14564114658526753,0.22354222499134088
mfcc_5_std,metal,lyria,Timbral (MFCC),5.923845418885944,4.626292600090452,1.280473573757553,0.983529856797743,0.9835298567977429
mfcc_6_std,metal,lyria,Timbral (MFCC),2.6326394334835324,5.101504311965506,0.5160515942932193,0.03638267109388335,0.0727653421877667
mfcc_7_std,metal,lyria,Timbral (MFCC),2.556568734743368,3.4157571161700586,0.7484632682577672,0.8956727652798863,0.9534581049753628
mfcc_8_std,metal,lyria,Timbral (MFCC),1.942995586312322,2.3366184444962053,0.8315416626488406,0.7685532837778731,0.8454086121556604
mfcc_9_std,metal,lyria,Timbral (MFCC),1.7420354646292642,2.061438917000476,0.8450580079103368,0.42157934040820255,0.515263638276692
mfcc_10_std,metal,lyria,Timbral (MFCC),1.0801496731949831,1.7652913574056355,0.6118818112735949,0.028962652597643964,0.059735470982640676
mfcc_11_std,metal,lyria,Timbral (MFCC),1.7462250637394172,1.6311211355203648,1.0705673697142866,0.9679377671901719,0.9835298567977429
mfcc_12_std,metal,lyria,Timbral (MFCC),0.8915538880697581,1.4200875657168521,0.6278161358449095,0.054470089189099145,0.10271502532801553
mfcc_delta_mean,metal,lyria,Timbral (MFCC),0.00011176297860725886,8.004934015361475e-05,1.396176138276538,0.16764650926038896,0.25146976389058345
mfcc_delta_std,metal,lyria,Timbral (MFCC),1.1062066989460742,0.38024074489764587,2.9092271509299867,0.0001694395999710224,0.000798786685577677
mfcc_delta2_mean,metal,lyria,Timbral (MFCC),2.286720814295609e-05,2.148321346327219e-05,1.0644221443896178,0.19921805005416107,0.28583459355597024
mfcc_delta2_std,metal,lyria,Timbral (MFCC),0.4567929338812702,0.16314099739806776,2.799988605970607,2.0715588197649046e-05,0.00018443216412401302
chroma_entropy,metal,lyria,Key / Tonal,0.0003437039466002898,0.000725600886439679,0.4736818174061902,0.5355726172239623,0.6312105845853841
key_clarity,metal,lyria,Key / Tonal,0.0322963929049289,0.02975409699264266,1.085443558005302,0.38024004367468867,0.4920753506378324
spectral_centroid_cv,metal,lyria,Intra-track,0.012585431060662133,0.00797483290529273,1.5781435435856523,0.21832882966787626,0.3065894203846773
onset_strength_cv,metal,lyria,Intra-track,0.11188387841769074,0.021085883057015007,5.306103525053383,1.2704216500472124e-14,8.384782890311602e-13
rms_cv,metal,lyria,Intra-track,0.019436278698442146,0.014544999711388912,1.3362859459683112,0.11474159723830457,0.18932363544320255
spectral_centroid_mean,afrobeats,suno,Spectral,369713.3444899664,274451.7830172284,1.3470976228518727,0.05859877920176601,0.07821357356187657
spectral_centroid_std,afrobeats,suno,Spectral,69721.45906745477,51258.51548712906,1.3601927095403636,0.10055712160665446,0.13013274560861166
spectral_centroid_var,afrobeats,suno,Spectral,186133802761.52145,213903325297.93076,0.8701772284384495,0.8536433647629786,0.8803197199118217
spectral_bandwidth_mean,afrobeats,suno,Spectral,450344.45486087806,196345.76864174998,2.293629539236829,0.00023524668743909755,0.0009133106688812022
spectral_bandwidth_std,afrobeats,suno,Spectral,45123.708540084896,29887.00966645406,1.509810082831167,0.11886388514964435,0.15086570038224092
spectral_rolloff_mean,afrobeats,suno,Spectral,2225788.0721081677,1497322.6072256854,1.4865120324551966,0.00886267185782154,0.01772534371564308
spectral_rolloff_std,afrobeats,suno,Spectral,344208.22350580787,189075.64314658102,1.8204789246119883,0.013215653673403611,0.022817158409262295
spectral_flatness_mean,afrobeats,suno,Spectral,0.048886518985349965,0.00010516484838069658,464.8560782247395,0.00644807779414063,0.01329916045041505
spectral_flatness_std,afrobeats,suno,Spectral,0.007812590557255474,0.00022197074742787013,35.196487139793916,0.003197701257221838,0.007537438677737189
spectral_contrast_mean,afrobeats,suno,Spectral,4.320697951679887,1.368166041771694,3.158021628781868,0.038988001213195414,0.05474910808661483
spectral_contrast_std,afrobeats,suno,Spectral,3.375060317343653,0.3620714606525104,9.321530924478989,0.002655149906465242,0.00667569540562333
zero_crossing_rate_mean,afrobeats,suno,Spectral,0.00040622268649664276,0.0006073229537315862,0.6688742521597131,0.20833517577284963,0.25000221092741953
zero_crossing_rate_std,afrobeats,suno,Spectral,0.00043432874158073583,0.00029953456871886986,1.4500120751951604,0.16160685499443952,0.20124627225722658
harmonic_ratio,afrobeats,suno,Prompt-encoded,0.03428113351201692,0.03185582866556232,1.0761337861248754,0.2516078255950814,0.2913353770048311
tempo,afrobeats,suno,Prompt-encoded,417.5772375972998,386.1307683726565,1.0814399467754774,0.9865857779237477,0.9865857779237478
onset_density,afrobeats,suno,Prompt-encoded,3.771229629629629,1.2138382716049383,3.1068633423819345,0.0021040612649965394,0.0055547217395908646
onset_strength_mean,afrobeats,suno,Rhythmic,0.5849205605719383,0.1413722234402204,4.137450386916164,4.625288643802881e-06,6.105381009819804e-05
onset_strength_std,afrobeats,suno,Rhythmic,1.1983015077970167,0.5969627534997891,2.0073304419275466,0.0012044597128250988,0.0034562756976720226
ioi_mean,afrobeats,suno,Rhythmic,0.002320265191765105,0.004146646450062023,0.5595522115782019,0.040325358576042636,0.055447368042058624
ioi_std,afrobeats,suno,Rhythmic,0.008874206060080379,0.003232258954534466,2.745512096928666,0.3911982319345041,0.4303180551279545
ioi_cv,afrobeats,suno,Rhythmic,0.11315416413936145,0.021455461626014107,5.27390955793584,0.003884702423155979,0.008546345330943153
chroma_stft_mean,afrobeats,suno,Harmonic,0.011233151696655149,0.0027619025676834295,4.067178845514835,5.700710249942311e-05,0.00033074232071327405
chroma_stft_std,afrobeats,suno,Harmonic,0.0015994631786850648,0.00013075909397756213,12.232137207676951,0.0003289654707370761,0.0012062067260359456
chroma_stft_var,afrobeats,suno,Harmonic,0.0003966208271443391,4.752920429083394e-05,8.344781551935803,0.00010682316385992948,0.0005035949153396676
chroma_cqt_mean,afrobeats,suno,Harmonic,0.012143357473654186,0.009012659264099311,1.3473667557837874,0.23525434756498928,0.2772640524873088
chroma_cqt_std,afrobeats,suno,Harmonic,0.0004071869862547823,0.0007922471119685998,0.5139646205121425,0.00015805650620253825,0.0006519830880854703
tonnetz_mean,afrobeats,suno,Harmonic,0.0015153097341521538,0.0006904827616427989,2.1945656261525253,0.009891206209505943,0.01865198885221121
tonnetz_std,afrobeats,suno,Harmonic,0.004717356412345819,0.002467535336987164,1.911768533416694,0.0010146706104285086,0.0030440118312855258
repetition_score,afrobeats,suno,Structural,0.0029624269318010107,0.0002320312580812416,12.767361416295772,0.0006319620342440664,0.0020246158951137154
self_similarity_mean,afrobeats,suno,Prompt-encoded,0.0029624269318010107,0.0002320312580812416,12.767361416295772,0.0006319620342440664,0.0020246158951137154
self_similarity_std,afrobeats,suno,Structural,0.0008260003837832773,0.00021568454526505596,3.829668847010808,2.8892244701579103e-07,6.356293834347403e-06
mfcc_0_mean,afrobeats,suno,Timbral (MFCC),9449.5249060185,2763.7905065632744,3.4190452871078207,0.004697857993473482,0.010001891211911284
mfcc_1_mean,afrobeats,suno,Timbral (MFCC),1668.488578036057,666.0374488836442,2.505097244655893,0.0006441959666270913,0.0020246158951137154
mfcc_2_mean,afrobeats,suno,Timbral (MFCC),413.75094985318765,332.4026107947359,1.2447283397201887,0.27628125276341475,0.31438901176526507
mfcc_3_mean,afrobeats,suno,Timbral (MFCC),125.59955252796988,129.92621712781377,0.9666990643190391,0.8684861642810151,0.8818474898853385
mfcc_4_mean,afrobeats,suno,Timbral (MFCC),60.36756581930271,54.985483497747964,1.0978818768007228,0.5302002287542305,0.5644066951254711
mfcc_5_mean,afrobeats,suno,Timbral (MFCC),62.84893549053055,43.57378219870614,1.4423566722742915,0.05925270724384588,0.07821357356187657
mfcc_6_mean,afrobeats,suno,Timbral (MFCC),31.03960775779894,40.30522211259808,0.7701137999211518,0.29136835773085445,0.32593748491926094
mfcc_7_mean,afrobeats,suno,Timbral (MFCC),44.63791046894915,33.27901754515595,1.3413229644889737,0.031313550042725624,0.04697032506408843
mfcc_8_mean,afrobeats,suno,Timbral (MFCC),23.430444694950552,26.563628870060654,0.8820498437756201,0.5037912289307538,0.5450855919578648
mfcc_9_mean,afrobeats,suno,Timbral (MFCC),30.546094857621526,17.41652185477318,1.7538573494942706,0.003849839556712546,0.008546345330943153
mfcc_10_mean,afrobeats,suno,Timbral (MFCC),31.932855277005025,21.76518290400642,1.4671530865530653,0.03598765552429949,0.05278189476897259
mfcc_11_mean,afrobeats,suno,Timbral (MFCC),39.188860126498675,21.756637579655926,1.801236978049548,0.026179688547482698,0.04026275193271745
mfcc_12_mean,afrobeats,suno,Timbral (MFCC),31.15184342274798,14.60595040517904,2.132818649836167,0.0027309663023004534,0.00667569540562333
mfcc_0_std,afrobeats,suno,Timbral (MFCC),598.6736523879433,275.28152648031676,2.174768717837482,0.0020817379417590524,0.0055547217395908646
mfcc_1_std,afrobeats,suno,Timbral (MFCC),83.49391202433573,66.5460885323834,1.2546779813167381,0.5392472350987879,0.5649256748653969
mfcc_2_std,afrobeats,suno,Timbral (MFCC),59.91253378100181,29.278672359628818,2.0462858781675086,0.009143232885169692,0.017748628541799993
mfcc_3_std,afrobeats,suno,Timbral (MFCC),22.29464535015459,16.9037559440184,1.31891666112488,0.018443364815593322,0.03043155194572898
mfcc_4_std,afrobeats,suno,Timbral (MFCC),20.681231523640914,9.092088232609967,2.274640434027572,0.00013572192775033638,0.0005971764821014801
mfcc_5_std,afrobeats,suno,Timbral (MFCC),16.511982207205183,6.115725595140564,2.699922020753397,9.08009111887626e-06,8.3121010051392e-05
mfcc_6_std,afrobeats,suno,Timbral (MFCC),14.883963938972306,4.726642254745888,3.1489508062573885,2.6459965547300363e-06,4.36589431530456e-05
mfcc_7_std,afrobeats,suno,Timbral (MFCC),14.034452030433117,4.509348491672187,3.112301490193491,1.0075273945623274e-05,8.3121010051392e-05
mfcc_8_std,afrobeats,suno,Timbral (MFCC),10.671469202277166,3.256350817341931,3.2771251627574913,2.072810598762294e-05,0.0001368054995183114
mfcc_9_std,afrobeats,suno,Timbral (MFCC),10.667087763616172,3.5875577886377776,2.973356358857858,6.228675170710026e-06,6.851542687781028e-05
mfcc_10_std,afrobeats,suno,Timbral (MFCC),8.512598129540272,2.85066353472612,2.986181296333917,6.0134967402413463e-05,0.00033074232071327405
mfcc_11_std,afrobeats,suno,Timbral (MFCC),8.255590106927055,2.8913694406983113,2.8552525978600647,1.1606363206966888e-05,8.511333018442385e-05
mfcc_12_std,afrobeats,suno,Timbral (MFCC),6.19726169222305,2.282729792829614,2.7148468082773305,8.800130798028304e-05,0.0004467758712845139
mfcc_delta_mean,afrobeats,suno,Timbral (MFCC),0.0002706174442611437,0.00015536006902920732,1.7418725799501817,0.013482866332745902,0.022817158409262295
mfcc_delta_std,afrobeats,suno,Timbral (MFCC),1.6003807552864746,1.10740088934411,1.445168385438399,0.02623179292586137,0.04026275193271745
mfcc_delta2_mean,afrobeats,suno,Timbral (MFCC),2.4036156227817258e-05,2.5835903818415054e-05,0.9303392827575481,0.1772145732183801,0.21659558948913127
mfcc_delta2_std,afrobeats,suno,Timbral (MFCC),1.1518974560298056,0.6728948109144963,1.7118536766011343,0.03780938110357042,0.05424824245294886
chroma_entropy,afrobeats,suno,Key / Tonal,0.006806699345990625,0.0005314869348856487,12.806898719824808,2.0739095309678714e-07,6.356293834347403e-06
key_clarity,afrobeats,suno,Key / Tonal,0.18707983344459286,0.036892129851501206,5.070995743472378,2.3123771334040217e-07,6.356293834347403e-06
spectral_centroid_cv,afrobeats,suno,Intra-track,0.33530395825474485,0.033964100304260524,9.872305029457344,0.025999612719915435,0.04026275193271745
onset_strength_cv,afrobeats,suno,Intra-track,0.8520894489446875,0.04268939254788359,19.96021489387371,0.012356433173599721,0.02204120512047518
rms_cv,afrobeats,suno,Intra-track,0.46689233424762705,0.029558339248112752,15.795621341528426,0.011371509207250025,0.02084776687995838
spectral_centroid_mean,afrobeats,lyria,Spectral,98297.001724709,274451.7830172284,0.3581576357204373,6.853104651103897e-05,0.000404666422318035
spectral_centroid_std,afrobeats,lyria,Spectral,32402.36416435101,51258.51548712906,0.6321362188588391,0.010700058069856416,0.029425159692105143
spectral_centroid_var,afrobeats,lyria,Spectral,150862714474.97644,213903325297.93076,0.7052845684603102,0.044494152608239794,0.10126255421185609
spectral_bandwidth_mean,afrobeats,lyria,Spectral,42293.539144533905,196345.76864174998,0.21540336436637025,3.878690746397497e-09,1.2799679463111742e-07
spectral_bandwidth_std,afrobeats,lyria,Spectral,24840.696064157662,29887.00966645406,0.8311536129370444,0.49032266724870355,0.5883872006984443
spectral_rolloff_mean,afrobeats,lyria,Spectral,513737.0222837327,1497322.6072256854,0.3431037638813258,2.1517982758716404e-05,0.00015779854023058695
spectral_rolloff_std,afrobeats,lyria,Spectral,147430.49472671733,189075.64314658102,0.7797434522669943,0.2068829022188906,0.3175411987545763
spectral_flatness_mean,afrobeats,lyria,Spectral,0.0004926310046379437,0.00010516484838069658,4.68436946587533,0.1440586794885625,0.23287917456426488
spectral_flatness_std,afrobeats,lyria,Spectral,0.002756036504845684,0.00022197074742787013,12.416214914720976,0.10576711790300472,0.1994465651885232
spectral_contrast_mean,afrobeats,lyria,Spectral,0.44573775858283593,1.368166041771694,0.32579215166430525,7.357571314873363e-05,0.000404666422318035
spectral_contrast_std,afrobeats,lyria,Spectral,0.08028630018178101,0.3620714606525104,0.22174158669421865,4.435022488654194e-08,7.31778710627942e-07
zero_crossing_rate_mean,afrobeats,lyria,Spectral,0.0002876789518832075,0.0006073229537315862,0.4736836474162818,0.07079745864131713,0.14601975844771659
zero_crossing_rate_std,afrobeats,lyria,Spectral,0.00025029219995409744,0.00029953456871886986,0.8356037202137121,0.06878817477446998,0.14601975844771659
harmonic_ratio,afrobeats,lyria,Prompt-encoded,0.017613787025801325,0.03185582866556232,0.5529219538037845,0.0026657355614949792,0.008378026050412792
tempo,afrobeats,lyria,Prompt-encoded,322.8091992530612,386.1307683726565,0.8360100403641406,0.5455218821053118,0.6316569161219401
onset_density,afrobeats,lyria,Prompt-encoded,0.500325364758698,1.2138382716049383,0.41218453599849614,0.00010862436307281497,0.0005514775356004453
onset_strength_mean,afrobeats,lyria,Rhythmic,0.11796387314659883,0.1413722234402204,0.8344204418379269,0.43548928892915173,0.5423074164023399
onset_strength_std,afrobeats,lyria,Rhythmic,0.490157401637865,0.5969627534997891,0.8210854006623348,0.5031829953474283,0.5930371016594691
ioi_mean,afrobeats,lyria,Rhythmic,0.00027146370654122277,0.004146646450062023,0.06546584325682321,1.1381040965322571e-08,2.503829012370966e-07
ioi_std,afrobeats,lyria,Rhythmic,0.00022125184895923857,0.003232258954534466,0.06845115198732736,8.694361652703363e-10,5.738278690784219e-08
ioi_cv,afrobeats,lyria,Rhythmic,0.0061918565076878734,0.021455461626014107,0.2885911576090459,2.4256820529924838e-06,2.287071649964342e-05
chroma_stft_mean,afrobeats,lyria,Harmonic,0.002725005663476344,0.0027619025676834295,0.9866407654495818,0.7786595500120046,0.8288956500127791
chroma_stft_std,afrobeats,lyria,Harmonic,0.00016007390687407686,0.00013075909397756213,1.224189477035877,0.14819583835907765,0.23287917456426488
chroma_stft_var,afrobeats,lyria,Harmonic,6.0022434921774636e-05,4.752920429083394e-05,1.2628537720617812,0.11718692559533322,0.21224571641214787
chroma_cqt_mean,afrobeats,lyria,Harmonic,0.00466035317229762,0.009012659264099311,0.5170896885962943,0.00233499252263942,0.007705475324710087
chroma_cqt_std,afrobeats,lyria,Harmonic,0.0008825317507089869,0.0007922471119685998,1.1139601992565742,0.98670875993227,0.9867087599322699
tonnetz_mean,afrobeats,lyria,Harmonic,0.00019138767384347917,0.0006904827616427989,0.2771795104458929,1.4526763597299029e-06,1.5979439957028932e-05
tonnetz_std,afrobeats,lyria,Harmonic,0.0007792922145717211,0.002467535336987164,0.31581805654026784,2.7164322670428086e-05,0.00017928452962482537
repetition_score,afrobeats,lyria,Structural,0.00032063602919693996,0.0002320312580812416,1.3818656669295608,0.7678664062464775,0.8288956500127791
self_similarity_mean,afrobeats,lyria,Prompt-encoded,0.00032063602919693996,0.0002320312580812416,1.3818656669295608,0.7678664062464775,0.8288956500127791
self_similarity_std,afrobeats,lyria,Structural,0.00028714336780417753,0.00021568454526505596,1.3313117425789847,0.7644287917617736,0.8288956500127791
mfcc_0_mean,afrobeats,lyria,Timbral (MFCC),1399.379661568515,2763.7905065632744,0.5063262422551047,0.00046532448554598,0.001734406806311281
mfcc_1_mean,afrobeats,lyria,Timbral (MFCC),182.79157130862816,666.0374488836442,0.27444638678351796,7.157658027118798e-08,9.448108595796812e-07
mfcc_2_mean,afrobeats,lyria,Timbral (MFCC),109.36171746953617,332.4026107947359,0.32900378612570175,0.00014753596728032226,0.0006085858650313294
mfcc_3_mean,afrobeats,lyria,Timbral (MFCC),49.151631789138506,129.92621712781377,0.3783041858348421,0.000142820109292403,0.0006085858650313294
mfcc_4_mean,afrobeats,lyria,Timbral (MFCC),34.48963958506085,54.985483497747964,0.6272499101780825,0.125417923334451,0.21224571641214787
mfcc_5_mean,afrobeats,lyria,Timbral (MFCC),23.49849621174551,43.57378219870614,0.5392806184367274,0.019397756442525733,0.051210077008267935
mfcc_6_mean,afrobeats,lyria,Timbral (MFCC),20.271303845109536,40.30522211259808,0.5029448488952353,0.004252490479246496,0.012757471437739488
mfcc_7_mean,afrobeats,lyria,Timbral (MFCC),16.196556172722225,33.27901754515595,0.4866897332754877,0.029651953069337735,0.0752703424067804
mfcc_8_mean,afrobeats,lyria,Timbral (MFCC),9.279167533537617,26.563628870060654,0.34931852040727707,0.0054551176819066785,0.015653815956775684
mfcc_9_mean,afrobeats,lyria,Timbral (MFCC),11.627515834835151,17.41652185477318,0.6676141155961349,0.08578994564163892,0.17157989128327783
mfcc_10_mean,afrobeats,lyria,Timbral (MFCC),9.531081846450652,21.76518290400642,0.4379049736676562,0.0009715275051681851,0.003374779754794748
mfcc_11_mean,afrobeats,lyria,Timbral (MFCC),12.076470206925283,21.756637579655926,0.5550706152414692,0.0004730200380848948,0.001734406806311281
mfcc_12_mean,afrobeats,lyria,Timbral (MFCC),10.072114090481547,14.60595040517904,0.6895897775272558,0.060185002241189896,0.13240700493061777
mfcc_0_std,afrobeats,lyria,Timbral (MFCC),424.6648065516862,275.28152648031676,1.5426563924624657,0.039426808380346866,0.09637664270751456
mfcc_1_std,afrobeats,lyria,Timbral (MFCC),54.22493018207045,66.5460885323834,0.8148477450433907,0.25454282389871374,0.36704651049423587
mfcc_2_std,afrobeats,lyria,Timbral (MFCC),22.072702027098284,29.278672359628818,0.7538832962089307,0.09935826914116072,0.19287193421519433
mfcc_3_std,afrobeats,lyria,Timbral (MFCC),11.261459239174062,16.9037559440184,0.6662104727771503,0.2851720962429884,0.37642716704074464
mfcc_4_std,afrobeats,lyria,Timbral (MFCC),7.157425782913351,9.092088232609967,0.7872147299717467,0.8443701959475838,0.8707567645709458
mfcc_5_std,afrobeats,lyria,Timbral (MFCC),5.783283661249375,6.115725595140564,0.9456414568117084,0.7384855584254373,0.8288956500127791
mfcc_6_std,afrobeats,lyria,Timbral (MFCC),5.406766318395883,4.726642254745888,1.143891588784216,0.2806650774027136,0.37642716704074464
mfcc_7_std,afrobeats,lyria,Timbral (MFCC),4.5856513081726,4.509348491672187,1.0169210289782056,0.8716434005558339,0.8850532990259236
mfcc_8_std,afrobeats,lyria,Timbral (MFCC),3.651686955906323,3.256350817341931,1.1214046522441627,0.26436482922843374,0.37123571763992824
mfcc_9_std,afrobeats,lyria,Timbral (MFCC),2.9396793090879187,3.5875577886377776,0.8194096046057384,0.342678329212169,0.4434660730981011
mfcc_10_std,afrobeats,lyria,Timbral (MFCC),2.482251933071531,2.85066353472612,0.8707628602370343,0.27220412954942275,0.37428067813045623
mfcc_11_std,afrobeats,lyria,Timbral (MFCC),2.1764749647706885,2.8913694406983113,0.752748830410629,0.14812492545411998,0.23287917456426488
mfcc_12_std,afrobeats,lyria,Timbral (MFCC),1.7668855617741788,2.282729792829614,0.7740230873247561,0.4621530177995483,0.5648536884216702
mfcc_delta_mean,afrobeats,lyria,Timbral (MFCC),0.0002266244907980532,0.00015536006902920732,1.4587048796653683,0.12432888134312796,0.21224571641214787
mfcc_delta_std,afrobeats,lyria,Timbral (MFCC),1.260701317851545,1.10740088934411,1.138432639871033,0.4024174425103627,0.5107606001093065
mfcc_delta2_mean,afrobeats,lyria,Timbral (MFCC),3.7556937367936476e-05,2.5835903818415054e-05,1.4536722861294684,0.22452616831846137,0.33678925247769204
mfcc_delta2_std,afrobeats,lyria,Timbral (MFCC),0.5864291429502193,0.6728948109144963,0.8715019545970848,0.8312300569329869,0.8707567645709458
chroma_entropy,afrobeats,lyria,Key / Tonal,0.00032768159962597075,0.0005314869348856487,0.616537450156649,0.04373955694134241,0.10126255421185609
key_clarity,afrobeats,lyria,Key / Tonal,0.03186213856329956,0.036892129851501206,0.863656793238871,0.25582029519295224,0.36704651049423587
spectral_centroid_cv,afrobeats,lyria,Intra-track,0.012587842951597386,0.033964100304260524,0.37062200496499953,3.847758872337082e-06,3.174401069678093e-05
onset_strength_cv,afrobeats,lyria,Intra-track,0.015161496499368904,0.04268939254788359,0.35515840339875165,0.00012596280218381717,0.0005938246388665667
rms_cv,afrobeats,lyria,Intra-track,0.018749323168160574,0.029558339248112752,0.6343158528217273,0.12149629043999623,0.21224571641214787
spectral_centroid_mean,dancepop,suno,Spectral,362455.35000591876,125081.67685599385,2.89774936758493,4.0929758967793375e-08,3.3767051148429536e-07
spectral_centroid_std,dancepop,suno,Spectral,40345.24287738032,29306.29377505233,1.3766750305262125,0.48673213698438444,0.6059561923980631
spectral_centroid_var,dancepop,suno,Spectral,117327920141.81554,77840350479.06007,1.5072892069438724,0.4386244076525264,0.5784156538679864
spectral_bandwidth_mean,dancepop,suno,Spectral,283663.11989005725,39624.511153583866,7.158779039332101,2.6620495318104766e-17,1.7569526909949145e-15
spectral_bandwidth_std,dancepop,suno,Spectral,44772.28565463604,10729.01926778896,4.173008225369953,8.88993511458831e-10,1.4668392939070712e-08
spectral_rolloff_mean,dancepop,suno,Spectral,2076258.8953280174,570632.1648931466,3.6385241195031583,9.596886125737823e-11,3.1669724214934815e-09
spectral_rolloff_std,dancepop,suno,Spectral,239533.45206452248,120154.96855912828,1.9935376367449011,0.017664336727505923,0.04163736514340682
spectral_flatness_mean,dancepop,suno,Spectral,0.0001428985135931344,0.00019651884081558547,0.7271491781657275,0.18062887923725685,0.28384538165854645
spectral_flatness_std,dancepop,suno,Spectral,0.00021931462521985546,0.00013386714541913525,1.6383006041787618,0.06247711860751062,0.12885905712799067
spectral_contrast_mean,dancepop,suno,Spectral,0.9558290227554287,0.8588321346916167,1.1129404503461446,0.4901758864466703,0.6059561923980631
spectral_contrast_std,dancepop,suno,Spectral,0.27119108063159136,0.19502179488283153,1.3905680685306077,0.578460031870236,0.6941520382442832
zero_crossing_rate_mean,dancepop,suno,Spectral,0.0004741597757271508,0.0006786183682742069,0.6987134417433847,0.17492992633228907,0.2815945155592946
zero_crossing_rate_std,dancepop,suno,Spectral,0.0003708583238591406,0.0002968484209759644,1.2493188363268024,0.7347766164126119,0.8082542780538732
harmonic_ratio,dancepop,suno,Prompt-encoded,0.008680146604638788,0.007625997817942666,1.1382309321169606,0.7080315429388597,0.7920352853214363
tempo,dancepop,suno,Prompt-encoded,505.3527388325784,430.06703274837946,1.175055747944871,0.044965806870958296,0.09573365333816927
onset_density,dancepop,suno,Prompt-encoded,2.0546149270482608,1.27353265993266,1.613319384488264,0.1156917802443809,0.1957860896443369
onset_strength_mean,dancepop,suno,Rhythmic,0.2612586771803684,0.05460993436585259,4.7840870020113515,5.488937577053736e-10,1.207566266951822e-08
onset_strength_std,dancepop,suno,Rhythmic,0.8290164608399232,0.1871739785174398,4.429122399418786,2.2211313715183097e-09,2.931893410404169e-08
ioi_mean,dancepop,suno,Rhythmic,0.0026562544364050317,0.07326037319424308,0.03625772461412692,6.480963964630243e-05,0.0002851624144437307
ioi_std,dancepop,suno,Rhythmic,0.017716279217894735,0.21979304794932703,0.08060436571214571,0.016786392519720448,0.04103340393709443
ioi_cv,dancepop,suno,Rhythmic,0.1344705388671904,0.07644824026950822,1.7589749403404473,0.4469575507161714,0.5784156538679864
chroma_stft_mean,dancepop,suno,Harmonic,0.006002878813215167,0.0030603635083415845,1.9614920896988919,2.4950997653198796e-05,0.00011762613179365146
chroma_stft_std,dancepop,suno,Harmonic,0.0001552134181470774,0.00010764047463873499,1.4419614802703873,0.032660704293246565,0.07433125804669907
chroma_stft_var,dancepop,suno,Harmonic,5.790282164895437e-05,3.6839392768187587e-05,1.571763737076469,0.013351349831368249,0.03389188803347325
chroma_cqt_mean,dancepop,suno,Harmonic,0.007257981932752357,0.006122039547721572,1.1855496646462447,0.2961608089225183,0.41588539125289803
chroma_cqt_std,dancepop,suno,Harmonic,0.00038519781325628056,0.0004573397795275657,0.8422573992015124,0.6232638339389287,0.7345609471423088
tonnetz_mean,dancepop,suno,Harmonic,0.0016389435506865145,0.0006780450792210424,2.4171601578015722,0.002284651349043599,0.006853954047130797
tonnetz_std,dancepop,suno,Harmonic,0.003748269419016748,0.0015703344089000812,2.386924337754384,9.258559763277128e-07,5.555135857966277e-06
repetition_score,dancepop,suno,Structural,0.0005033386677325798,0.000286433932583422,1.7572592157389932,0.09097490653669088,0.16886165488598992
self_similarity_mean,dancepop,suno,Prompt-encoded,0.0005033386677325798,0.000286433932583422,1.7572592157389932,0.09097490653669088,0.16886165488598992
self_similarity_std,dancepop,suno,Structural,0.00047698218268129683,0.00030682932704309427,1.554552126023809,0.10954028287316922,0.19025417551655707
mfcc_0_mean,dancepop,suno,Timbral (MFCC),3831.081184084841,1859.7837093653086,2.059960609823967,0.00026265663180986473,0.0009630743166361707
mfcc_1_mean,dancepop,suno,Timbral (MFCC),1015.8126581101575,251.47398809990756,4.039434319968662,5.805058246649238e-09,6.385564071314162e-08
mfcc_2_mean,dancepop,suno,Timbral (MFCC),171.2741197787375,111.00277409967136,1.5429715263237243,0.14247722983071126,0.23508742922067358
mfcc_3_mean,dancepop,suno,Timbral (MFCC),68.73675285748509,59.31447884656037,1.1588528499980424,0.8894367419847875,0.9172316401718121
mfcc_4_mean,dancepop,suno,Timbral (MFCC),38.292921674591554,41.25016222767606,0.928309601868659,0.4430439401985202,0.5784156538679864
mfcc_5_mean,dancepop,suno,Timbral (MFCC),31.752544228548448,40.255316908148856,0.7887788910219907,0.28548684970827337,0.41588539125289803
mfcc_6_mean,dancepop,suno,Timbral (MFCC),35.08061344005942,32.90569033169259,1.066095653561539,0.973520458993995,0.973520458993995
mfcc_7_mean,dancepop,suno,Timbral (MFCC),33.739495305293744,33.23355619208916,1.0152237428423327,0.8300877431075158,0.8696157308745404
mfcc_8_mean,dancepop,suno,Timbral (MFCC),24.985679119568022,20.49079624264533,1.2193610645333521,0.3755290937159045,0.5163525038593687
mfcc_9_mean,dancepop,suno,Timbral (MFCC),36.04886811136193,18.289656320924884,1.970997567084901,0.0067538774048728194,0.017830236348864242
mfcc_10_mean,dancepop,suno,Timbral (MFCC),33.07339879197021,14.708901116469036,2.2485295488824177,0.0003757243944087193,0.0013051478963671303
mfcc_11_mean,dancepop,suno,Timbral (MFCC),35.69615736907757,11.033142725916564,3.235357164847349,4.616193918022179e-07,3.3852088732162646e-06
mfcc_12_mean,dancepop,suno,Timbral (MFCC),26.740892577738457,10.131308446740162,2.6394312954061303,8.461788700828645e-06,4.6539837854557547e-05
mfcc_0_std,dancepop,suno,Timbral (MFCC),557.4200111083022,301.3505909948979,1.849739233190154,0.005207016602334223,0.014319295656419114
mfcc_1_std,dancepop,suno,Timbral (MFCC),127.76325035461898,52.40647869488748,2.437928545027066,0.00015061074284641074,0.0006212693142414443
mfcc_2_std,dancepop,suno,Timbral (MFCC),41.082715242740434,26.663884854231288,1.54076255081866,0.09210635721053995,0.16886165488598992
mfcc_3_std,dancepop,suno,Timbral (MFCC),16.30149700192176,15.081158825542163,1.0809180640888667,0.4957823392347789,0.6059561923980631
mfcc_4_std,dancepop,suno,Timbral (MFCC),8.92192613606063,8.77795331013166,1.0164016395214583,0.9277649623913988,0.9420382695051127
mfcc_5_std,dancepop,suno,Timbral (MFCC),7.544846558542817,8.273018417103788,0.9119823235186404,0.2451492129058488,0.3677238193587732
mfcc_6_std,dancepop,suno,Timbral (MFCC),7.1831749772421505,5.991297410377021,1.1989348024687907,0.6742249224718722,0.7806814891779572
mfcc_7_std,dancepop,suno,Timbral (MFCC),6.128861386768823,6.4362550467463056,0.9522402922592574,0.7515943070609795,0.8132003978036828
mfcc_8_std,dancepop,suno,Timbral (MFCC),4.114234891955863,3.9371180670776447,1.044986414392618,0.8204261408325285,0.8696157308745404
mfcc_9_std,dancepop,suno,Timbral (MFCC),4.630269915938299,3.291248931779109,1.4068428161814464,0.10703205319846049,0.19025417551655707
mfcc_10_std,dancepop,suno,Timbral (MFCC),3.3443368678466148,2.6705172641610386,1.2523180107196428,0.2951027234734079,0.41588539125289803
mfcc_11_std,dancepop,suno,Timbral (MFCC),3.993184704621654,2.3028383009477333,1.7340273969641111,0.003292162669515379,0.009447075486435435
mfcc_12_std,dancepop,suno,Timbral (MFCC),3.601542282692727,3.0836018975154365,1.1679660353026156,0.22002061635543968,0.33770606231300043
mfcc_delta_mean,dancepop,suno,Timbral (MFCC),0.00013305041868078168,0.00010807333993859802,1.2311123053694317,0.705357998837765,0.7920352853214363
mfcc_delta_std,dancepop,suno,Timbral (MFCC),0.9110808959554889,0.6270109708113937,1.4530541543419726,0.04374542985907214,0.09573365333816927
mfcc_delta2_mean,dancepop,suno,Timbral (MFCC),1.2604862835523509e-05,2.2982833106961064e-05,0.5484468680106168,0.0015979611868439886,0.005022163730081107
mfcc_delta2_std,dancepop,suno,Timbral (MFCC),1.100548489369214,0.2841645033791434,3.8729273934007833,1.5893821947089217e-05,8.069171142368371e-05
chroma_entropy,dancepop,suno,Key / Tonal,0.00203671303960692,0.00028115548532362694,7.244080752194966,7.128571614330892e-07,4.704857265458389e-06
key_clarity,dancepop,suno,Key / Tonal,0.09902076610037963,0.029255407623047038,3.3846995870388192,0.00020774725670423595,0.0008065481730870338
spectral_centroid_cv,dancepop,suno,Intra-track,0.02866652737265294,0.006545665858911365,4.379466961886836,6.932222231109949e-09,6.536095246475095e-08
onset_strength_cv,dancepop,suno,Intra-track,0.03563799430280501,0.02630821848502093,1.354633508274084,0.08883934159130413,0.16886165488598992
rms_cv,dancepop,suno,Intra-track,0.018714664219425508,0.008641688323959095,2.165625919131921,0.0006754689592185124,0.0022290475654210907
spectral_centroid_mean,dancepop,lyria,Spectral,130942.58621372173,125081.67685599385,1.0468566580257437,0.636907110003766,0.7374713905306763
spectral_centroid_std,dancepop,lyria,Spectral,61040.206409655126,29306.29377505233,2.082836092417016,0.0016234477242774148,0.005639344726437336
spectral_centroid_var,dancepop,lyria,Spectral,251834940384.09872,77840350479.06007,3.235275006268698,6.942802137153311e-05,0.0006045703280973297
spectral_bandwidth_mean,dancepop,lyria,Spectral,47713.72971569726,39624.511153583866,1.2041468355473142,0.06530507668200672,0.11972597391701233
spectral_bandwidth_std,dancepop,lyria,Spectral,55221.77983247627,10729.01926778896,5.146955043529937,3.750630666919688e-09,2.475416240166994e-07
spectral_rolloff_mean,dancepop,lyria,Spectral,572538.9822739355,570632.1648931466,1.0033415876252716,0.5397789143270293,0.6749689052658834
spectral_rolloff_std,dancepop,lyria,Spectral,285748.2252447345,120154.96855912828,2.3781640382529647,0.00015727499598538143,0.0010380149735035175
spectral_flatness_mean,dancepop,lyria,Spectral,0.0013567465924965696,0.00019651884081558547,6.903900851775068,0.0018552968343099163,0.006122479553222724
spectral_flatness_std,dancepop,lyria,Spectral,0.006293278578637098,0.00013386714541913525,47.011375038535206,7.328125189058542e-05,0.0006045703280973297
spectral_contrast_mean,dancepop,lyria,Spectral,0.6142274062917146,0.8588321346916167,0.7151891289119812,0.2683220731006349,0.38731990430033175
spectral_contrast_std,dancepop,lyria,Spectral,0.09365747508662138,0.19502179488283153,0.4802410681477447,0.00856507972994532,0.02018911650629968
zero_crossing_rate_mean,dancepop,lyria,Spectral,0.000480233262161104,0.0006786183682742069,0.7076632237090551,0.1533719572627968,0.2530637294836147
zero_crossing_rate_std,dancepop,lyria,Spectral,0.0005025560131769193,0.0002968484209759644,1.692971825568885,0.2699502363305343,0.38731990430033175
harmonic_ratio,dancepop,lyria,Prompt-encoded,0.015597656796386488,0.007625997817942666,2.0453266797018843,0.02761591259576784,0.0520757208948765
tempo,dancepop,lyria,Prompt-encoded,528.7871788156328,430.06703274837946,1.2295459510959814,0.502281368471801,0.6500111827282131
onset_density,dancepop,lyria,Prompt-encoded,1.0103384960718294,1.27353265993266,0.7933353637944807,0.1162745717104879,0.19677235212544106
onset_strength_mean,dancepop,lyria,Rhythmic,0.11693028545456516,0.05460993436585259,2.1411907341108485,0.009676143976511398,0.022021569049991457
onset_strength_std,dancepop,lyria,Rhythmic,0.7200184192834391,0.1871739785174398,3.8467869571749898,8.795690124652509e-07,1.6017441182760066e-05
ioi_mean,dancepop,lyria,Rhythmic,0.002427303598603569,0.07326037319424308,0.03313255847288409,4.699653681372968e-05,0.0005169619049510265
ioi_std,dancepop,lyria,Rhythmic,0.002278908085034109,0.21979304794932703,0.010368426600824555,0.0026588282547905105,0.007629681078964073
ioi_cv,dancepop,lyria,Rhythmic,0.01695936587966979,0.07644824026950822,0.2218411544841552,0.0007348576847596367,0.0030312879496335013
chroma_stft_mean,dancepop,lyria,Harmonic,0.002870853841645002,0.0030603635083415845,0.9380760925360536,0.8557879044377122,0.8927171410712331
chroma_stft_std,dancepop,lyria,Harmonic,0.00010796023994295754,0.00010764047463873499,1.0029706790619026,0.9864434499745041,0.9913443509406279
chroma_stft_var,dancepop,lyria,Harmonic,3.8982253737161863e-05,3.6839392768187587e-05,1.0581676517432919,0.865665106493317,0.8927171410712331
chroma_cqt_mean,dancepop,lyria,Harmonic,0.006407118068615155,0.006122039547721572,1.0465659391239444,0.692913193327087,0.7751232332133515
chroma_cqt_std,dancepop,lyria,Harmonic,0.0007641632122351017,0.0004573397795275657,1.6708872624736169,0.0029568470812331785,0.00813132947339124
tonnetz_mean,dancepop,lyria,Harmonic,0.00031920674569404806,0.0006780450792210424,0.4707751084349169,0.027147361651753108,0.0520757208948765
tonnetz_std,dancepop,lyria,Harmonic,0.0014342925945363403,0.0015703344089000812,0.9133676154628558,0.8030600152581892,0.8577879059853829
repetition_score,dancepop,lyria,Structural,0.0008019276594122012,0.000286433932583422,2.799695036755623,0.0007178030782736283,0.0030312879496335013
self_similarity_mean,dancepop,lyria,Prompt-encoded,0.0008019276594122012,0.000286433932583422,2.799695036755623,0.0007178030782736283,0.0030312879496335013
self_similarity_std,dancepop,lyria,Structural,0.0007228103500470995,0.00030682932704309427,2.355740753378443,0.0003240840658927841,0.001731708306438181
mfcc_0_mean,dancepop,lyria,Timbral (MFCC),1170.285716721004,1859.7837093653086,0.629259042773522,0.6180926945954934,0.7284663900589744
mfcc_1_mean,dancepop,lyria,Timbral (MFCC),261.0372261296532,251.47398809990756,1.038028736498768,0.805800760168087,0.8577879059853829
mfcc_2_mean,dancepop,lyria,Timbral (MFCC),74.95551296009239,111.00277409967136,0.6752580155590392,0.014924440790873923,0.029848881581747845
mfcc_3_mean,dancepop,lyria,Timbral (MFCC),31.848188452957995,59.31447884656037,0.5369378450638593,0.010394424679265048,0.022867734294383105
mfcc_4_mean,dancepop,lyria,Timbral (MFCC),24.056780346227676,41.25016222767606,0.5831923814856469,0.005905058611053056,0.014773989812253186
mfcc_5_mean,dancepop,lyria,Timbral (MFCC),19.373751512342015,40.255316908148856,0.4812718666840305,0.0020014868460864286,0.006290387230557347
mfcc_6_mean,dancepop,lyria,Timbral (MFCC),16.272385893032506,32.90569033169259,0.4945158642473462,0.0016102476608089759,0.005639344726437336
mfcc_7_mean,dancepop,lyria,Timbral (MFCC),13.815508323894669,33.23355619208916,0.4157095991786543,0.00021876722785645086,0.0013126033671387051
mfcc_8_mean,dancepop,lyria,Timbral (MFCC),10.172402573001797,20.49079624264533,0.4964376421757125,0.006043904923194485,0.014773989812253186
mfcc_9_mean,dancepop,lyria,Timbral (MFCC),11.36948892373018,18.289656320924884,0.6216349134304149,0.013024018613195543,0.026862038389715806
mfcc_10_mean,dancepop,lyria,Timbral (MFCC),10.067130851494412,14.708901116469036,0.6844244020528903,0.0978837936809477,0.1746035238633121
mfcc_11_mean,dancepop,lyria,Timbral (MFCC),11.165042709315953,11.033142725916564,1.0119548878026892,0.9913443509406279,0.9913443509406279
mfcc_12_mean,dancepop,lyria,Timbral (MFCC),8.555228194718882,10.131308446740162,0.8444346788663416,0.18339048169330177,0.2814830649246027
mfcc_0_std,dancepop,lyria,Timbral (MFCC),1347.4283757499659,301.3505909948979,4.4712982685764135,4.243207251835164e-07,1.4002583931056041e-05
mfcc_1_std,dancepop,lyria,Timbral (MFCC),92.81637831076489,52.40647869488748,1.7710859539169839,0.0031879119833325043,0.008416087635997811
mfcc_2_std,dancepop,lyria,Timbral (MFCC),38.86877107696762,26.663884854231288,1.457730982917875,0.33005117760797875,0.4538203692109708
mfcc_3_std,dancepop,lyria,Timbral (MFCC),12.734322138785634,15.081158825542163,0.8443861831902589,0.7309432823323742,0.8040376105656115
mfcc_4_std,dancepop,lyria,Timbral (MFCC),12.029769835827754,8.77795331013166,1.3704527024474822,0.2630172790674366,0.38731990430033175
mfcc_5_std,dancepop,lyria,Timbral (MFCC),7.361589924944466,8.273018417103788,0.8898312023245327,0.1580043614648331,0.2543484843092435
mfcc_6_std,dancepop,lyria,Timbral (MFCC),6.1398515154727225,5.991297410377021,1.024794980939922,0.667341523842779,0.7593886305797141
mfcc_7_std,dancepop,lyria,Timbral (MFCC),6.45315847854086,6.4362550467463056,1.0026262837118458,0.5420204845316943,0.6749689052658834
mfcc_8_std,dancepop,lyria,Timbral (MFCC),4.876496248037507,3.9371180670776447,1.2385953799087166,0.31113970716153466,0.4369195887800274
mfcc_9_std,dancepop,lyria,Timbral (MFCC),4.681044294923844,3.291248931779109,1.4222699017766096,0.17489459204762414,0.2748343589319808
mfcc_10_std,dancepop,lyria,Timbral (MFCC),2.869298404145605,2.6705172641610386,1.0744354446429745,0.6049841152050028,0.7259809382460034
mfcc_11_std,dancepop,lyria,Timbral (MFCC),3.312429706265988,2.3028383009477333,1.4384117655602469,0.1024055618244621,0.17786229158985523
mfcc_12_std,dancepop,lyria,Timbral (MFCC),2.4109590287315115,3.0836018975154365,0.7818645560810245,0.5011877708898588,0.6500111827282131
mfcc_delta_mean,dancepop,lyria,Timbral (MFCC),0.00025614386375096107,0.00010807333993859802,2.3700929747936863,0.002411729289292654,0.007235187867877963
mfcc_delta_std,dancepop,lyria,Timbral (MFCC),1.7042496471559834,0.6270109708113937,2.718053951991576,8.909064959266914e-05,0.0006533314303462404
mfcc_delta2_mean,dancepop,lyria,Timbral (MFCC),4.6891049447818435e-05,2.2982833106961064e-05,2.040264106239192,0.011989566501603146,0.02552617384212283
mfcc_delta2_std,dancepop,lyria,Timbral (MFCC),0.6300863073165891,0.2841645033791434,2.2173293983728266,0.00034109406035903565,0.001731708306438181
chroma_entropy,dancepop,lyria,Key / Tonal,0.00039424106268997434,0.00028115548532362694,1.402217218832416,0.4618151066451077,0.6220366742566757
key_clarity,dancepop,lyria,Key / Tonal,0.03121006111018862,0.029255407623047038,1.0668134080484228,0.5888986783221903,0.7197650512826771
spectral_centroid_cv,dancepop,lyria,Intra-track,0.012142319894243829,0.006545665858911365,1.855016763147648,0.00114033497666735,0.0044271828505908885
onset_strength_cv,dancepop,lyria,Intra-track,0.06433479114526032,0.02630821848502093,2.4454256065225595,2.2240341250430963e-05,0.0002935725045056887
rms_cv,dancepop,lyria,Intra-track,0.021237239751611032,0.008641688323959095,2.4575336387370914,9.707540110763677e-07,1.6017441182760066e-05
spectral_centroid_mean,kpop,suno,Spectral,433166.0502364669,156550.84781291254,2.7669351925460397,6.15258533111096e-06,3.691551198666576e-05
spectral_centroid_std,kpop,suno,Spectral,60310.51702968099,36963.345627719544,1.6316303626058388,0.025668911007851656,0.041320686012639246
spectral_centroid_var,kpop,suno,Spectral,149359916168.5483,118834102059.93503,1.2568775593828891,0.11057764948269756,0.1459624973171608
spectral_bandwidth_mean,kpop,suno,Spectral,344259.13537469605,54993.00103193145,6.260053623456619,7.521603651865524e-12,1.714352727334639e-10
spectral_bandwidth_std,kpop,suno,Spectral,53406.060745484865,23388.97603146307,2.2833860137204183,8.516656063075717e-06,4.323840770484594e-05
spectral_rolloff_mean,kpop,suno,Spectral,2384121.1624196214,780197.223106916,3.0557929351831445,1.91486438926188e-07,1.2638104969128407e-06
spectral_rolloff_std,kpop,suno,Spectral,343135.66361953906,176653.288618359,1.9424244309476055,0.0017360953772518912,0.0042437886999490675
spectral_flatness_mean,kpop,suno,Spectral,0.000150421311356865,0.00016106920633843344,0.9338924228682456,0.37992417730840966,0.41791659503925066
spectral_flatness_std,kpop,suno,Spectral,0.00027831696724794984,0.00029861400103776785,0.9320291958204233,0.23174614157912324,0.28324528415226174
spectral_contrast_mean,kpop,suno,Spectral,1.2509982907420882,1.0362370619690875,1.2072510592941978,0.4964218720883977,0.5284490896424879
spectral_contrast_std,kpop,suno,Spectral,0.8336407696075261,0.1385964243326302,6.014879342101898,0.00011119558546107646,0.0004797011881008923
zero_crossing_rate_mean,kpop,suno,Spectral,0.0006530662649489818,0.0006089500933620561,1.0724462842978761,0.6671961216552782,0.6880460004570056
zero_crossing_rate_std,kpop,suno,Spectral,0.000379798016914109,0.000347102664987658,1.0941950472423296,0.41756013200524633,0.4517863723335452
harmonic_ratio,kpop,suno,Prompt-encoded,0.015649860607256864,0.0090043126079096,1.7380405688613765,0.018993367263967217,0.03241102238525341
tempo,kpop,suno,Prompt-encoded,717.9438492280841,561.6841980536382,1.278198410629889,0.06939398218436271,0.09346944539118242
onset_density,kpop,suno,Prompt-encoded,1.602536475869809,0.712690909090909,2.2485715131598423,0.010597211646230665,0.018903134287870917
onset_strength_mean,kpop,suno,Rhythmic,0.4269821465894346,0.05494810574452732,7.770643606435166,6.4137629002249895e-12,1.714352727334639e-10
onset_strength_std,kpop,suno,Rhythmic,1.5661605826651754,0.25283153809446696,6.194482675970597,7.792512396975631e-12,1.714352727334639e-10
ioi_mean,kpop,suno,Rhythmic,0.005082832394154326,0.008339957218670181,0.6094554517348941,0.060418775176515414,0.0830758158677087
ioi_std,kpop,suno,Rhythmic,0.024257923401624252,0.014506778267910306,1.6721785467200494,0.583570229007964,0.6113592875321527
ioi_cv,kpop,suno,Rhythmic,0.12345224920697366,0.07115849391554484,1.7348912605358706,0.2729505039892365,0.31059884936706217
chroma_stft_mean,kpop,suno,Harmonic,0.0049449602578472565,0.003381163843805198,1.462502406355483,0.031690951819099714,0.049800067144299555
chroma_stft_std,kpop,suno,Harmonic,0.00020360486312334428,0.00012741583258148127,1.597955756347162,0.010091538618695682,0.018501154134275416
chroma_stft_var,kpop,suno,Harmonic,7.815933110112497e-05,4.5046748001977004e-05,1.7350715549476452,0.004033350146266748,0.00858713256947114
chroma_cqt_mean,kpop,suno,Harmonic,0.007582479901274889,0.006472990577398658,1.1714028949385724,0.24344907962304485,0.28772128164218
chroma_cqt_std,kpop,suno,Harmonic,0.0003393667782724482,0.0005195390174323285,0.6532074914212804,0.04268961815658325,0.06261143996298876
tonnetz_mean,kpop,suno,Harmonic,0.0014335714375971593,0.0006166247703122893,2.3248683909845655,0.0013498830289169295,0.0035636911963406936
tonnetz_std,kpop,suno,Harmonic,0.004022191023494457,0.0017707193331267636,2.271501162407263,6.05079157365161e-05,0.0002852516027578616
repetition_score,kpop,suno,Structural,0.0006633340755587659,0.0003507143714680104,1.8913797937113346,0.002120902358770853,0.004826881230306079
self_similarity_mean,kpop,suno,Prompt-encoded,0.0006633340755587659,0.0003507143714680104,1.8913797937113346,0.002120902358770853,0.004826881230306079
self_similarity_std,kpop,suno,Structural,0.0006587004580559841,0.00032058191202576157,2.0547025061197206,0.0006490981918180868,0.0020400228885711297
mfcc_0_mean,kpop,suno,Timbral (MFCC),5244.844783495908,1801.4029805519608,2.9115333104916123,7.08315926476712e-06,3.8957375956219166e-05
mfcc_1_mean,kpop,suno,Timbral (MFCC),1109.0697571120209,234.6996479402161,4.72548538885976,8.224214311594889e-09,9.046635742754377e-08
mfcc_2_mean,kpop,suno,Timbral (MFCC),447.67350476351123,171.2509401987676,2.614137500465138,0.0076457977742981085,0.014417790088676432
mfcc_3_mean,kpop,suno,Timbral (MFCC),118.00459449279641,77.67249547535253,1.519258442394738,0.019151967773104288,0.03241102238525341
mfcc_4_mean,kpop,suno,Timbral (MFCC),55.12881194747906,42.23018792703386,1.3054361027881687,0.24412714806003152,0.28772128164218
mfcc_5_mean,kpop,suno,Timbral (MFCC),45.836186934041976,29.157006388438887,1.5720470861582205,0.13851776143833872,0.1792582795084383
mfcc_6_mean,kpop,suno,Timbral (MFCC),34.59398392671623,34.25532108479369,1.009886430230335,0.7315727950874606,0.7315727950874606
mfcc_7_mean,kpop,suno,Timbral (MFCC),36.99645066874919,30.130807465782727,1.2278612417129298,0.22297182797442658,0.27766303106249346
mfcc_8_mean,kpop,suno,Timbral (MFCC),27.823870723006358,28.216642120142453,0.9860801510164204,0.6901981911423236,0.7008166248522054
mfcc_9_mean,kpop,suno,Timbral (MFCC),31.753224233045724,19.335670794375556,1.6422096016592422,0.02259947802242097,0.037289138736994604
mfcc_10_mean,kpop,suno,Timbral (MFCC),21.0372465404146,17.14613907312423,1.2269378226022616,0.2720684319929282,0.31059884936706217
mfcc_11_mean,kpop,suno,Timbral (MFCC),26.545883050443564,14.001221619681235,1.8959690640942752,0.0010808276336897492,0.00297533575017739
mfcc_12_mean,kpop,suno,Timbral (MFCC),20.201822368702203,12.594470170278294,1.604023201895107,0.006695284220720203,0.013390568441440405
mfcc_0_std,kpop,suno,Timbral (MFCC),745.8777466615504,480.0237109943095,1.5538352160074702,0.005375579291127733,0.011087132287950949
mfcc_1_std,kpop,suno,Timbral (MFCC),162.96014834293925,47.41734972037754,3.436719877933358,2.47650054988089e-09,3.268980725842775e-08
mfcc_2_std,kpop,suno,Timbral (MFCC),103.58432298572257,45.43276056568064,2.279947810698717,0.00030113452072139417,0.0011691104922124714
mfcc_3_std,kpop,suno,Timbral (MFCC),43.202997568186134,15.530112974373314,2.7818855947459395,0.001081940272791778,0.00297533575017739
mfcc_4_std,kpop,suno,Timbral (MFCC),15.154159344632186,11.612597151149071,1.3049758936253701,0.173885695131383,0.22070107458983226
mfcc_5_std,kpop,suno,Timbral (MFCC),14.521460209130366,9.860517973846552,1.4726873626361434,0.04592845323833361,0.06449527476021315
mfcc_6_std,kpop,suno,Timbral (MFCC),10.970849288875039,6.457160301966444,1.699020742219147,0.04524165941882741,0.06449527476021315
mfcc_7_std,kpop,suno,Timbral (MFCC),10.124037080176958,6.054358580021695,1.6721898688961827,0.0039113408918012545,0.00858713256947114
mfcc_8_std,kpop,suno,Timbral (MFCC),7.36606171992918,5.107560942737974,1.4421877296251127,0.037359983196899885,0.05734323002314866
mfcc_9_std,kpop,suno,Timbral (MFCC),7.1098664290699185,3.9157703160236608,1.8157005787534954,0.0009115914925213681,0.0027347744775641043
mfcc_10_std,kpop,suno,Timbral (MFCC),5.392216451411029,3.3203192292614596,1.6240054281197602,0.007063124547921395,0.01371077118125918
mfcc_11_std,kpop,suno,Timbral (MFCC),5.972487014733915,3.0175059848169568,1.979279260682629,0.0014107565372594867,0.003581151209966389
mfcc_12_std,kpop,suno,Timbral (MFCC),5.636570075811369,2.0774253662949724,2.713247930472721,0.00011629119711536783,0.0004797011881008923
mfcc_delta_mean,kpop,suno,Timbral (MFCC),0.0001897482207717678,0.00013644135887883562,1.3906943050916873,0.36995361208807953,0.4138464135222584
mfcc_delta_std,kpop,suno,Timbral (MFCC),2.272599089669413,0.719692172404729,3.157737678424248,0.0005641959171413879,0.0019598384490174523
mfcc_delta2_mean,kpop,suno,Timbral (MFCC),1.624128602125313e-05,3.279295563670061e-05,0.4952675263914457,0.000619137528316717,0.0020400228885711297
mfcc_delta2_std,kpop,suno,Timbral (MFCC),1.583639250552315,0.343052062049572,4.616323368210725,2.502663037684425e-08,2.293808275601545e-07
chroma_entropy,kpop,suno,Key / Tonal,0.0024284117558962723,0.00019470087138628687,12.472526386788989,5.5390043152779126e-08,4.061936497870469e-07
key_clarity,kpop,suno,Key / Tonal,0.08062510009460422,0.02029973981089435,3.971730714072246,2.780373667395812e-08,2.293808275601545e-07
spectral_centroid_cv,kpop,suno,Intra-track,0.05174756526799726,0.00894104510069732,5.787641677812521,1.7707882652439177e-10,2.9218006376524643e-09
onset_strength_cv,kpop,suno,Intra-track,0.05069855414240714,0.029923232103040737,1.6942873673481034,0.040856707942709534,0.061285061914064305
rms_cv,kpop,suno,Intra-track,0.02548907220315591,0.01269181880626859,2.008307287728269,0.0003585303122895394,0.0013146111450616444
spectral_centroid_mean,kpop,lyria,Spectral,170234.3783419701,156550.84781291254,1.0874063010211874,0.8958952111919243,0.9096782144410308
spectral_centroid_std,kpop,lyria,Spectral,44044.61932951661,36963.345627719544,1.1915755617231434,0.3575514425189259,0.4213999143973055
spectral_centroid_var,kpop,lyria,Spectral,200141582589.08664,118834102059.93503,1.684209996286617,0.02864580500894354,0.07002307891075088
spectral_bandwidth_mean,kpop,lyria,Spectral,67510.42447394026,54993.00103193145,1.2276184824818093,0.2774048770868672,0.37364738546394355
spectral_bandwidth_std,kpop,lyria,Spectral,35483.78458474833,23388.97603146307,1.517115778690577,0.0034523316725212955,0.015698447413001654
spectral_rolloff_mean,kpop,lyria,Spectral,822807.3226320347,780197.223106916,1.0546145234347746,0.8865948710047568,0.9096782144410308
spectral_rolloff_std,kpop,lyria,Spectral,204559.33271814857,176653.288618359,1.1579707024876151,0.41709833821995523,0.466584581737577
spectral_flatness_mean,kpop,lyria,Spectral,0.00048318285058966394,0.00016106920633843344,2.999846224947652,0.013876678927365597,0.043612419486006165
spectral_flatness_std,kpop,lyria,Spectral,0.0038863290412324775,0.00029861400103776785,13.014557347366125,0.0021175391960967294,0.012447528168165066
spectral_contrast_mean,kpop,lyria,Spectral,0.773057049158771,1.0362370619690875,0.746023354626774,0.16179495556889487,0.2475995421661494
spectral_contrast_std,kpop,lyria,Spectral,0.10222508654978768,0.1385964243326302,0.7375737652830666,0.3166496306375932,0.4019014542707914
zero_crossing_rate_mean,kpop,lyria,Spectral,0.00043462197462637933,0.0006089500933620561,0.7137234715357395,0.21938031003834307,0.31476305353327483
zero_crossing_rate_std,kpop,lyria,Spectral,0.00028406894494866007,0.000347102664987658,0.818400357020482,0.39228059660566306,0.45421963817497824
harmonic_ratio,kpop,lyria,Prompt-encoded,0.013288536244307479,0.0090043126079096,1.4757968567899915,0.07838812905448139,0.13982747344853436
tempo,kpop,lyria,Prompt-encoded,486.5652188217071,561.6841980536382,0.8662611846795135,0.5522490767476889,0.5975153945138929
onset_density,kpop,lyria,Prompt-encoded,0.4569538720538719,0.712690909090909,0.6411669718598642,0.06649939224875995,0.12532265658864392
onset_strength_mean,kpop,lyria,Rhythmic,0.11591019800591791,0.05494810574452732,2.109448477529405,0.003805684221333734,0.015698447413001654
onset_strength_std,kpop,lyria,Rhythmic,0.6629084438936358,0.25283153809446696,2.621937314030615,1.4392739793624046e-05,0.00023748020659479675
ioi_mean,kpop,lyria,Rhythmic,0.0007055402189227781,0.008339957218670181,0.08459758250837617,8.278390531455315e-07,2.0228675677165592e-05
ioi_std,kpop,lyria,Rhythmic,0.00110546554836235,0.014506778267910306,0.07620338078839277,9.346179625615132e-09,6.168478552905987e-07
ioi_cv,kpop,lyria,Rhythmic,0.02168485061426931,0.07115849391554484,0.30474015709222557,0.0004413863917519627,0.004091097299167076
chroma_stft_mean,kpop,lyria,Harmonic,0.002876109638223283,0.003381163843805198,0.8506271127596344,0.3360277817718552,0.4107006221656008
chroma_stft_std,kpop,lyria,Harmonic,9.046450471771144e-05,0.00012741583258148127,0.7099942203796393,0.16342592964953453,0.2475995421661494
chroma_stft_var,kpop,lyria,Harmonic,3.183846308082694e-05,4.5046748001977004e-05,0.7067871598506872,0.1505051557955721,0.2422765922562868
chroma_cqt_mean,kpop,lyria,Harmonic,0.004867757765343105,0.006472990577398658,0.7520106366815293,0.06835781268471486,0.12532265658864392
chroma_cqt_std,kpop,lyria,Harmonic,0.0007985265744511339,0.0005195390174323285,1.5369905775270176,0.050952800040695516,0.10190560008139103
tonnetz_mean,kpop,lyria,Harmonic,0.00020939360913318906,0.0006166247703122893,0.33958027509524435,8.747644056200113e-05,0.001154689015418415
tonnetz_std,kpop,lyria,Harmonic,0.000906433710952147,0.0017707193331267636,0.5119014030030113,0.01494382286900152,0.044831468607004564
repetition_score,kpop,lyria,Structural,0.0011262036080886258,0.0003507143714680104,3.2111703987908857,0.02175288668385113,0.05742762084536698
self_similarity_mean,kpop,lyria,Prompt-encoded,0.0011262036080886258,0.0003507143714680104,3.2111703987908857,0.02175288668385113,0.05742762084536698
self_similarity_std,kpop,lyria,Structural,0.00043913570682715497,0.00032058191202576157,1.3698081219001108,0.0927049583256452,0.1529631812373146
mfcc_0_mean,kpop,lyria,Timbral (MFCC),1793.186751293279,1801.4029805519608,0.995438983199548,0.3544692907694119,0.4213999143973055
mfcc_1_mean,kpop,lyria,Timbral (MFCC),318.72101778782013,234.6996479402161,1.3579952956256942,0.18008927317612503,0.26413093399165005
mfcc_2_mean,kpop,lyria,Timbral (MFCC),171.65804108136518,171.2509401987676,1.0023772183797943,0.9207291353729913,0.9207291353729913
mfcc_3_mean,kpop,lyria,Timbral (MFCC),36.732066975175435,77.67249547535253,0.4729095769406747,0.03435539310936493,0.07818813604200295
mfcc_4_mean,kpop,lyria,Timbral (MFCC),15.623380453707771,42.23018792703386,0.3699576350619645,0.0004958905817172213,0.004091097299167076
mfcc_5_mean,kpop,lyria,Timbral (MFCC),19.002035934052564,29.157006388438887,0.651714228851255,0.0037291394133006296,0.015698447413001654
mfcc_6_mean,kpop,lyria,Timbral (MFCC),19.123956901056893,34.25532108479369,0.5582769711519716,0.00202680045252378,0.012447528168165066
mfcc_7_mean,kpop,lyria,Timbral (MFCC),12.660517540629638,30.130807465782727,0.4201851395787261,0.0004422032035936528,0.004091097299167076
mfcc_8_mean,kpop,lyria,Timbral (MFCC),9.537343068691179,28.216642120142453,0.338004183066239,9.194852580529814e-07,2.0228675677165592e-05
mfcc_9_mean,kpop,lyria,Timbral (MFCC),11.11592616623098,19.335670794375556,0.5748921919721776,0.029871827682695747,0.07041216525206855
mfcc_10_mean,kpop,lyria,Timbral (MFCC),8.696821436275133,17.14613907312423,0.5072174790595857,0.008506314357525193,0.028070837379833135
mfcc_11_mean,kpop,lyria,Timbral (MFCC),11.184930777755541,14.001221619681235,0.7988539201488754,0.3117273250301599,0.4019014542707914
mfcc_12_mean,kpop,lyria,Timbral (MFCC),7.529886234022184,12.594470170278294,0.5978724100511963,0.038022129057668844,0.08364868392687146
mfcc_0_std,kpop,lyria,Timbral (MFCC),829.8243697222862,480.0237109943095,1.7287153753372058,0.007554030622263511,0.027131455959439377
mfcc_1_std,kpop,lyria,Timbral (MFCC),92.92653072541944,47.41734972037754,1.9597580057386548,0.00317936213682706,0.015698447413001654
mfcc_2_std,kpop,lyria,Timbral (MFCC),38.442567923540054,45.43276056568064,0.8461420227363228,0.6735757500606184,0.7170322500645293
mfcc_3_std,kpop,lyria,Timbral (MFCC),10.569752462425107,15.530112974373314,0.6805972680215888,0.23757761297178906,0.3336196267263421
mfcc_4_std,kpop,lyria,Timbral (MFCC),6.577107306865738,11.612597151149071,0.5663769457648783,0.08829253198255839,0.15179548954469604
mfcc_5_std,kpop,lyria,Timbral (MFCC),5.423981432559559,9.860517973846552,0.5500706399953637,0.03995568191219035,0.08506693568401817
mfcc_6_std,kpop,lyria,Timbral (MFCC),3.7362666926316037,6.457160301966444,0.5786238095240988,0.01689296373599999,0.04847546115547824
mfcc_7_std,kpop,lyria,Timbral (MFCC),3.4089324808997628,6.054358580021695,0.563054275005883,0.04999674764726324,0.10190560008139103
mfcc_8_std,kpop,lyria,Timbral (MFCC),2.616849010639537,5.107560942737974,0.5123480737631182,0.002263186939666376,0.012447528168165066
mfcc_9_std,kpop,lyria,Timbral (MFCC),3.393796972186184,3.9157703160236608,0.8666997035802846,0.30666258561220183,0.4019014542707914
mfcc_10_std,kpop,lyria,Timbral (MFCC),2.3988917021255345,3.3203192292614596,0.7224882719060484,0.06237662511271769,0.12108403698351079
mfcc_11_std,kpop,lyria,Timbral (MFCC),2.3608333132896226,3.0175059848169568,0.7823789994679436,0.2517034819911137,0.3460922877377814
mfcc_12_std,kpop,lyria,Timbral (MFCC),1.7496418186961058,2.0774253662949724,0.8422164507486211,0.16506636144409959,0.2475995421661494
mfcc_delta_mean,kpop,lyria,Timbral (MFCC),0.00023150936759916605,0.00013644135887883562,1.6967682636813515,0.007810570654990125,0.027131455959439377
mfcc_delta_std,kpop,lyria,Timbral (MFCC),1.4178710715420921,0.719692172404729,1.970107673680147,0.02282568018045789,0.057942111227316184
mfcc_delta2_mean,kpop,lyria,Timbral (MFCC),4.3091857365035336e-05,3.279295563670061e-05,1.314058355777135,0.5245079473881069,0.5769587421269176
mfcc_delta2_std,kpop,lyria,Timbral (MFCC),0.7046104443241075,0.343052062049572,2.0539460981939506,0.0005713721278897437,0.004190062271191454
chroma_entropy,kpop,lyria,Key / Tonal,0.00027429105867548674,0.00019470087138628687,1.4087818751015901,0.08969733473095676,0.15179548954469604
key_clarity,kpop,lyria,Key / Tonal,0.02128229361902198,0.02029973981089435,1.0484022858066546,0.7206668207723161,0.7549842884281407
spectral_centroid_cv,kpop,lyria,Intra-track,0.016957994835966637,0.00894104510069732,1.8966457103145657,0.004090658839920368,0.015881381378514373
onset_strength_cv,kpop,lyria,Intra-track,0.037861467084950966,0.029923232103040737,1.2652866827545532,0.4121755020427157,0.466584581737577
rms_cv,kpop,lyria,Intra-track,0.012406035668515515,0.01269181880626859,0.9774828854622535,0.3346069018082445,0.4107006221656008
